index,t,x_real,y_real,yaw,v_cmd,x_ref,y_ref,error
0,0.08613801700000001,0.0,0.0,5.763949854711273,0.05,0.0,0.0,0.0
1,0.10576932200000001,0.0,0.0,5.763949854711273,0.05,0.0,0.0,0.0
2,0.125882456,0.0,0.0,5.763949854711273,0.05,0.0,0.0,0.0
3,0.146331027,0.0,0.0,5.763949854711273,0.05,0.0,0.0,0.0
4,0.166322028,0.0,0.0,5.763949854711273,0.05,0.0,0.0,0.0
5,0.18652685800000002,0.0,0.0,5.763949854711273,0.05,0.0,0.0,0.0
6,0.206601152,0.0,0.0,5.763949854711273,0.05,0.0,0.0,0.0
7,0.22728965,0.0,0.0,5.763949854711273,0.05,0.0,0.0,0.0
8,0.246485488,0.0,0.0,5.763949854711273,0.05,0.0,0.0,0.0
9,0.267327429,0.0,0.0,5.763949854711273,0.05,0.0,0.0,0.0
10,0.28644014900000003,0.0,0.0,5.763949854711273,0.05,0.0,0.0,0.0
11,0.306508035,0.0,0.0,5.763949854711273,0.05,0.0,0.0,0.0
12,0.32655784800000004,0.0,0.0,5.763949854711273,0.05,0.0,0.0,0.0
13,0.346514247,0.0,0.0,5.763949854711273,0.05,0.0,0.0,0.0
14,0.36653069400000005,0.0,0.0,5.763949854711273,0.05,0.0,0.0,0.0
15,0.38597926200000005,0.0,0.0,5.763949854711273,0.05,0.0,0.0,0.0
16,0.40575525,0.0,0.0,5.763949854711273,0.05,0.0,0.0,0.0
17,0.42577753500000004,0.0,0.0,5.763949854711273,0.05,0.0,0.0,0.0
18,0.44667097800000005,0.0,0.0,5.763949854711273,0.05,0.0,0.0,0.0
19,0.466543764,0.0,0.0,5.763949854711273,0.05,0.0,0.0,0.0
20,0.48591161200000005,0.0,0.0,5.763949854711273,0.05,0.0,0.0,0.0
21,0.5063169430000001,0.0,0.0,5.763949854711273,0.05,0.0,0.0,0.0
22,0.526484448,0.0,0.0,5.763949854711273,0.05,0.0,0.0,0.0
23,0.546479198,0.0,0.0,5.763949854711273,0.05,0.0,0.0,0.0
24,0.56620824,0.0,0.0,5.762902657160076,0.05,0.0,0.0,0.0
25,0.586431637,0.0,0.0,5.762902657160076,0.05,0.0,0.0,0.0
26,0.6073079960000001,0.0,0.0,5.762902657160076,0.05,0.0,0.0,0.0
27,0.627158749,0.0,0.0,5.762902657160076,0.05,0.0,0.0,0.0
28,0.646686171,0.0,0.0,5.762902657160076,0.05,0.0,0.0,0.0
29,0.666516969,0.0,0.0,5.762902657160076,0.05,0.0,0.0,0.0
30,0.6861826910000001,0.0,0.0,5.763949854711273,0.05,0.0,0.0,0.0
31,0.706135747,0.0,0.0,5.763949854711273,0.05,0.0,0.0,0.0
32,0.726699995,0.0,0.0,5.763949854711273,0.05,0.0,0.0,0.0
33,0.746167283,0.0,0.0,5.762902657160076,0.05,0.0,0.0,0.0
34,0.766499751,0.0,0.0,5.762902657160076,0.05,0.0,0.0,0.0
35,0.7865364800000001,0.0,0.0,5.762902657160076,0.05,0.0,0.0,0.0
36,0.8062988390000001,0.0,0.0,5.762902657160076,0.05,0.0,0.0,0.0
37,0.827156678,0.0,0.0,5.762902657160076,0.05,0.0,0.0,0.0
38,0.846498689,0.0,0.0,5.763949854711273,0.05,0.0,0.0,0.0
39,0.8665259460000001,0.0,0.0,5.763949854711273,0.05,0.0,0.0,0.0
40,0.8865298930000001,0.0,0.0,5.763949854711273,0.05,0.0,0.0,0.0
41,0.9061867720000001,0.0,0.0,5.763949854711273,0.05,0.0,0.0,0.0
42,0.926498236,0.0,0.0,5.763949854711273,0.05,0.0,0.0,0.0
43,0.9463393210000001,0.0,0.0,5.763949854711273,0.05,0.0,0.0,0.0
44,0.9664787140000001,0.0,0.0,5.763949854711273,0.05,0.0,0.0,0.0
45,0.9872904060000001,0.0,0.0,5.763949854711273,0.05,0.0,0.0,0.0
46,1.006512614,0.0,0.0,5.763949854711273,0.05,0.0,0.0,0.0
47,1.026663311,0.0,0.0,5.763949854711273,0.05,0.0,0.0,0.0
48,1.045730824,0.0,0.0,5.762902657160076,0.05,0.0,0.0,0.0
49,1.066588813,0.0,0.0,5.762902657160076,0.05,0.0,0.0,0.0
50,1.0873240180000001,0.0,0.0,5.762902657160076,0.05,0.0,0.0,0.0
51,1.107225653,0.0,0.0,5.762902657160076,0.05,0.0,0.0,0.0
52,1.127229727,0.0,0.0,5.762902657160076,0.05,0.0,0.0,0.0
53,1.146775404,0.0,0.0,5.762902657160076,0.05,0.0,0.0,0.0
54,1.166063352,0.0,0.0,5.762902657160076,0.05,0.0,0.0,0.0
55,1.18695631,0.0,0.0,5.762902657160076,0.05,0.0,0.0,0.0
56,1.20636465,0.0,0.0,5.762902657160076,0.05,0.0,0.0,0.0
57,1.227055546,0.0,0.0,5.762902657160076,0.05,0.0,0.0,0.0
58,1.247556989,0.0,0.0,5.762902657160076,0.05,0.0,0.0,0.0
59,1.266090688,0.0,0.0,5.762902657160076,0.05,0.0,0.0,0.0
60,1.286704235,0.0,0.0,5.762902657160076,0.05,0.0,0.0,0.0
61,1.306984718,0.0,0.0,5.762902657160076,0.05,0.0,0.0,0.0
62,1.326774571,0.0,0.0,5.762902657160076,0.05,0.0,0.0,0.0
63,1.3471772370000001,0.0,0.0,5.762902657160076,0.05,0.0,0.0,0.0
64,1.367261684,0.0,0.0,5.762902657160076,0.05,0.0,0.0,0.0
65,1.3866732830000001,0.0,0.0,5.762902657160076,0.05,0.0,0.0,0.0
66,1.4072152100000002,0.0,0.0,5.762902657160076,0.05,0.0,0.0,0.0
67,1.4266562090000001,0.0,0.0,5.762902657160076,0.05,0.0,0.0,0.0
68,1.446992204,0.0,0.0,5.762902657160076,0.05,0.0,0.0,0.0
69,1.467411566,0.0,0.0,5.762902657160076,0.05,0.0,0.0,0.0
70,1.4872024460000002,0.0,0.0,5.762902657160076,0.05,0.0,0.0,0.0
71,1.5065282450000002,0.0,0.0,5.762902657160076,0.05,0.0,0.0,0.0
72,1.5269853,0.0,0.0,5.762902657160076,0.05,0.0,0.0,0.0
73,1.547266349,0.0,0.0,5.762902657160076,0.05,0.0,0.0,0.0
74,1.5665750630000002,0.0,0.0,5.762902657160076,0.05,0.0,0.0,0.0
75,1.586599533,0.0,0.0,5.762902657160076,0.05,0.0,0.0,0.0
76,1.6064157680000002,0.0,0.0,5.762902657160076,0.05,0.0,0.0,0.0
77,1.6273246190000001,0.0,0.0,5.762902657160076,0.05,0.0,0.0,0.0
78,1.6465211050000002,0.0,0.0,5.762902657160076,0.05,0.0,0.0,0.0
79,1.6667672340000002,0.0,0.0,5.762902657160076,0.05,0.0,0.0,0.0
80,1.6875584350000001,0.0,0.0,5.762902657160076,0.05,0.0,0.0,0.0
81,1.706690357,0.0,0.0,5.762902657160076,0.05,0.0,0.0,0.0
82,1.7268268690000002,0.0,0.0,5.762902657160076,0.05,0.0,0.0,0.0
83,1.747205034,0.0,0.0,5.762902657160076,0.05,0.0,0.0,0.0
84,1.7671536360000002,0.0,0.0,5.762902657160076,0.05,0.0,0.0,0.0
85,1.7867903530000002,0.0,0.0,5.762902657160076,0.05,0.0,0.0,0.0
86,1.8066349050000001,0.0,0.0,5.762902657160076,0.05,0.0,0.0,0.0
87,1.8263130920000001,0.0,0.0,5.762902657160076,0.05,0.0,0.0,0.0
88,1.8464862540000002,0.0,0.0,5.762902657160076,0.05,0.0,0.0,0.0
89,1.8673581590000001,0.0,0.0,5.762902657160076,0.05,0.0,0.0,0.0
90,1.886875877,0.0,0.0,5.762902657160076,0.05,0.0,0.0,0.0
91,1.90720711,0.0,0.0,5.76185545960888,0.05,0.0,0.0,0.0
92,1.9270206500000002,0.0,0.0,5.76185545960888,0.05,0.0,0.0,0.0
93,1.9468297570000002,0.0,0.0,5.76185545960888,0.05,0.0,0.0,0.0
94,1.967255259,0.0,0.0,5.76185545960888,0.05,0.0,0.0,0.0
95,1.9870027860000001,0.0,0.0,5.762902657160076,0.05,0.0,0.0,0.0
96,2.0065755540000003,0.0,0.0,5.762902657160076,0.05,0.0,0.0,0.0
97,2.026050627,0.0,0.0,5.762902657160076,0.05,0.0,0.0,0.0
98,2.046473294,0.0,0.0,5.762902657160076,0.05,0.0,0.0,0.0
99,2.066326289,0.0,0.0,5.762902657160076,0.05,0.0,0.0,0.0
100,2.0864642190000002,0.0,0.0,5.762902657160076,0.05,0.0,0.0,0.0
101,2.106425729,0.0,0.0,5.76185545960888,0.05,0.0,0.0,0.0
102,2.126594098,0.0,0.0,5.76185545960888,0.05,0.0,0.0,0.0
103,2.146626725,0.0,0.0,5.76185545960888,0.05,0.0,0.0,0.0
104,2.166322698,0.0,0.0,5.76185545960888,0.05,0.0,0.0,0.0
105,2.186214707,0.0,0.0,5.76185545960888,0.05,0.0,0.0,0.0
106,2.206979308,0.0,0.0,5.76185545960888,0.05,0.0,0.0,0.0
107,2.2258456630000003,0.0,0.0,5.762902657160076,0.05,0.0,0.0,0.0
108,2.2465707900000003,0.0,0.0,5.762902657160076,0.05,0.0,0.0,0.0
109,2.266247137,0.0,0.0,5.762902657160076,0.05,0.0,0.0,0.0
110,2.28713378,0.0,0.0,5.76185545960888,0.05,0.0,0.0,0.0
111,2.306807823,0.0,0.0,5.76185545960888,0.05,0.0,0.0,0.0
112,2.326658402,0.0,0.0,5.76185545960888,0.05,0.0,0.0,0.0
113,2.346406719,0.0,0.0,5.759586531581287,0.05,0.0,0.0,0.0
114,2.3664593220000003,0.0,0.0,5.759586531581287,0.05,0.0,0.0,0.0
115,2.386525981,0.0,0.0,5.7585393340300906,0.05,0.0,0.0,0.0
116,2.4064452810000003,0.0,0.0,5.7585393340300906,0.05,0.0,0.0,0.0
117,2.426481722,0.0,0.0,5.7585393340300906,0.05,0.0,0.0,0.0
118,2.446580694,0.0,0.0,5.7585393340300906,0.05,0.0,0.0,0.0
119,2.4664344910000002,0.0,0.0,5.7585393340300906,0.05,0.0,0.0,0.0
120,2.4860352380000004,0.0,0.0,5.76185545960888,0.05,0.0,0.0,0.0
121,2.5065175980000003,0.0,0.0,5.76185545960888,0.05,0.0,0.0,0.0
122,2.5266851430000004,0.0,0.0,5.76185545960888,0.05,0.0,0.0,0.0
123,2.545781931,0.0,0.0,5.766218782738866,0.05,0.0,0.0,0.0
124,2.566663347,0.0,0.0,5.766218782738866,0.05,0.0,0.0,0.0
125,2.586106888,0.0,0.0,5.771629303420048,0.05,0.0,0.0,0.0
126,2.6065686780000004,0.0,0.0,5.771629303420048,0.05,0.0,0.0,0.0
127,2.626878306,0.0,0.0,5.771629303420048,0.05,0.0,0.0,0.0
128,2.6460465060000002,0.0,0.0,5.778261554577627,0.05,0.0,0.0,0.0
129,2.666470023,0.0,0.0,5.778261554577627,0.05,0.0,0.0,0.0
130,2.6858281510000004,0.0,0.0,5.784719272810006,0.05,0.0,0.0,0.0
131,2.7063833560000004,0.0,0.0,5.784719272810006,0.05,0.0,0.0,0.0
132,2.726468821,0.0,0.0,5.784719272810006,0.05,0.0,0.0,0.0
133,2.746029434,0.0,0.0,5.793445919069978,0.05,0.0,0.0,0.0
134,2.7665098710000002,0.0,0.0,5.793445919069978,0.05,0.0,0.0,0.0
135,2.786561712,0.0,0.0,5.793445919069978,0.05,0.0,0.0,0.0
136,2.8062471110000002,0.0,0.0,5.802172565329949,0.05,0.0,0.0,0.0
137,2.826524772,0.0,0.0,5.802172565329949,0.05,0.0,0.0,0.0
138,2.8461470170000003,0.0,0.0,5.811946409141117,0.05,0.0,0.0,0.0
139,2.8662418730000003,0.0,0.0,5.811946409141117,0.05,0.0,0.0,0.0
140,2.886661471,0.0,0.0,5.811946409141117,0.05,0.0,0.0,0.0
141,2.906210327,0.0,0.0,5.822941983428682,0.05,0.0,0.0,0.0
142,2.926469537,0.0,0.0,5.822941983428682,0.05,0.0,0.0,0.0
143,2.9461623140000004,0.0,0.0,5.834984755267442,0.05,0.0,0.0,0.0
144,2.966345585,0.0,0.0,5.834984755267442,0.05,0.0,0.0,0.0
145,2.986437807,0.0,0.0,5.834984755267442,0.05,0.0,0.0,0.0
146,3.0063459970000004,0.0,0.0,5.845805796629807,0.05,0.0,0.0,0.0
147,3.026693503,0.0,0.0,5.845805796629807,0.05,0.0,0.0,0.0
148,3.046594512,0.0,0.0,5.845805796629807,0.05,0.0,0.0,0.0
149,3.066257856,0.0,0.0,5.845805796629807,0.05,0.0,0.0,0.0
150,3.086360436,0.0,0.0,5.856801370917371,0.05,0.0,0.0,0.0
151,3.10611543,0.0,0.0,5.868669609830933,0.05,0.0,0.0,0.0
152,3.126306139,0.0,0.0,5.868669609830933,0.05,0.0,0.0,0.0
153,3.146324921,0.0,0.0,5.868669609830933,0.05,0.0,0.0,0.0
154,3.166219256,0.0,0.0,5.8796651841184975,0.05,0.0,0.0,0.0
155,3.1864856460000004,0.0,0.0,5.8796651841184975,0.05,0.0,0.0,0.0
156,3.207175861,0.0,0.0,5.8917079559572585,0.05,0.0,0.0,0.0
157,3.227084822,0.0,0.0,5.8917079559572585,0.05,0.0,0.0,0.0
158,3.247616288,0.0,0.0,5.8917079559572585,0.05,0.0,0.0,0.0
159,3.266693365,0.0,0.0,5.904797925347215,0.05,0.0,0.0,0.0
160,3.286581231,0.0,0.0,5.904797925347215,0.05,0.0,0.0,0.0
161,3.305977033,0.0,0.0,5.917887894737173,0.05,0.0,0.0,0.0
162,3.326312144,0.0,0.0,5.917887894737173,0.05,0.0,0.0,0.0
163,3.3463330210000004,0.0,0.0,5.917887894737173,0.05,0.0,0.0,0.0
164,3.365908836,0.0,0.0,5.93097786412713,0.05,0.0,0.0,0.0
165,3.386537719,0.0,0.0,5.93097786412713,0.05,0.0,0.0,0.0
166,3.4071738120000004,0.0,0.0,5.944067833517088,0.05,0.0,0.0,0.0
167,3.4268573910000004,0.0,0.0,5.944067833517088,0.05,0.0,0.0,0.0
168,3.4467389710000003,0.0,0.0,5.944067833517088,0.05,0.0,0.0,0.0
169,3.466052551,0.0,0.0,5.957157802907045,0.05,0.0,0.0,0.0
170,3.486486825,0.0,0.0,5.957157802907045,0.05,0.0,0.0,0.0
171,3.5064757490000003,0.0,0.0,5.957157802907045,0.05,0.0,0.0,0.0
172,3.5272214030000004,0.0,0.0,5.969026041820607,0.05,0.0,0.0,0.0
173,3.546440558,0.0,0.0,5.969026041820607,0.05,0.0,0.0,0.0
174,3.5661910260000003,0.0,0.0,5.987701064816946,0.05,0.0,0.0,0.0
175,3.5865843500000003,0.0,0.0,5.987701064816946,0.05,0.0,0.0,0.0
176,3.6065826430000003,0.0,0.0,5.987701064816946,0.05,0.0,0.0,0.0
177,3.6261014250000003,0.0,0.0,5.987701064816946,0.05,0.0,0.0,0.0
178,3.6462875460000004,0.0,0.0,5.987701064816946,0.05,0.0,0.0,0.0
179,3.6660434140000002,0.0,0.0,6.00515435733689,0.05,0.0,0.0,0.0
180,3.6868117700000003,0.0,0.0,6.00515435733689,0.05,0.0,0.0,0.0
181,3.7062531610000002,0.0,0.0,6.00515435733689,0.05,0.0,0.0,0.0
182,3.7263474480000003,0.0,0.0,6.00515435733689,0.05,0.0,0.0,0.0
183,3.7475655310000002,0.0,0.0,6.00515435733689,0.05,0.0,0.0,0.0
184,3.766211687,0.0,0.0,6.013881003596861,0.05,0.0,0.0,0.0
185,3.7867215630000004,0.0,0.0,6.013881003596861,0.05,0.0,0.0,0.0
186,3.8057746150000002,0.0,0.0,6.013881003596861,0.05,0.0,0.0,0.0
187,3.826549779,0.0,0.0,6.022607649856832,0.05,0.0,0.0,0.0
188,3.846406292,0.0,0.0,6.022607649856832,0.05,0.0,0.0,0.0
189,3.8657277700000003,0.0,0.0,6.031334296116804,0.05,0.0,0.0,0.0
190,3.886563767,0.0,0.0,6.031334296116804,0.05,0.0,0.0,0.0
191,3.906602443,0.0,0.0,6.031334296116804,0.05,0.0,0.0,0.0
192,3.9259283020000004,0.0,0.0,6.041108139927973,0.05,0.0,0.0,0.0
193,3.946309772,0.0,0.0,6.041108139927973,0.05,0.0,0.0,0.0
194,3.9668586820000002,0.0,0.0,6.041108139927973,0.05,0.0,0.0,0.0
195,3.9863818970000002,0.0,0.0,6.049834786187944,0.05,0.0,0.0,0.0
196,4.006547095,0.0,0.0,6.049834786187944,0.05,0.0,0.0,0.0
197,4.026990935000001,0.0,0.0,6.058561432447916,0.05,0.0,0.0,0.0
198,4.0466134480000004,0.0,0.0,6.058561432447916,0.05,0.0,0.0,0.0
199,4.066662676,0.0,0.0,6.058561432447916,0.05,0.0,0.0,0.0
200,4.086397962,0.0,0.0,6.065019150680294,0.05,0.0,0.0,0.0
201,4.105949164,0.0,0.0,6.065019150680294,0.05,0.0,0.0,0.0
202,4.126039532,0.0,0.0,6.07269859938907,0.05,0.0,0.0,0.0
203,4.14634179,0.0,0.0,6.07269859938907,0.05,0.0,0.0,0.0
204,4.166306952,0.0,0.0,6.07269859938907,0.05,0.0,0.0,0.0
205,4.186086003000001,0.0,0.0,6.080378048097845,0.05,0.0,0.0,0.0
206,4.206323934,0.0,0.0,6.080378048097845,0.05,0.0,0.0,0.0
207,4.225854254000001,0.0,0.0,6.086835766330224,0.05,0.0,0.0,0.0
208,4.2472420070000005,0.0,0.0,6.086835766330224,0.05,0.0,0.0,0.0
209,4.266724119,0.0,0.0,6.086835766330224,0.05,0.0,0.0,0.0
210,4.286140402,0.0,0.0,6.094515215038999,0.05,0.0,0.0,0.0
211,4.306484576,0.0,0.0,6.094515215038999,0.05,0.0,0.0,0.0
212,4.326317103,0.0,0.0,6.094515215038999,0.05,0.0,0.0,0.0
213,4.346446178,0.0,0.0,6.094515215038999,0.05,0.0,0.0,0.0
214,4.36634433,0.0,0.0,6.094515215038999,0.05,0.0,0.0,0.0
215,4.38642322,0.0,0.0,6.094515215038999,0.05,0.0,0.0,0.0
216,4.406504405000001,0.0,0.0,6.094515215038999,0.05,0.0,0.0,0.0
217,4.426347703,0.0,0.0,6.1098741124565485,0.05,0.0,0.0,0.0
218,4.446741051,0.0,0.0,6.118600758716521,0.05,0.0,0.0,0.0
219,4.467315518,0.0,0.0,6.118600758716521,0.05,0.0,0.0,0.0
220,4.485922764000001,0.0010407896127754288,-0.0001648448803150274,6.126105674500097,0.05,0.0,0.0,0.0010537631862175213
221,4.506925379,0.0010407896127754288,-0.0001648448803150274,6.126105674500097,0.05,0.0,0.0,0.0010537631862175213
222,4.526532422000001,0.0010407896127754288,-0.0001648448803150274,6.126105674500097,0.05,0.0,0.0,0.0010537631862175213
223,4.547215531,0.0010407896127754288,-0.0001648448803150274,6.126105674500097,0.05,0.0,0.0,0.0010537631862175213
224,4.566025231,0.0020844547379963987,-0.0003219391883254633,6.133785123208872,0.05,0.0026003694412377243,3.404070067129336e-05,0.0006268091116047438
225,4.585932156,0.0062346175818867805,-0.0009096390746977546,6.142511769468843,0.05,0.005987187105938337,8.09740573140175e-05,0.001021046628583752
226,4.606306106,0.0062346175818867805,-0.0009096390746977546,6.142511769468843,0.05,0.005987187105938337,8.09740573140175e-05,0.001021046628583752
227,4.626301231,0.0062346175818867805,-0.0009096390746977546,6.142511769468843,0.05,0.005987187105938337,8.09740573140175e-05,0.001021046628583752
228,4.646186377,0.010392196972527017,-0.0014658557792001314,6.150191218177618,0.05,0.010284811522012825,0.00016049128743139842,0.0016298884673876053
229,4.666457315000001,0.010392196972527017,-0.0014658557792001314,6.150191218177618,0.05,0.010284811522012825,0.00016049128743139842,0.0016298884673876053
230,4.68664427,0.010392196972527017,-0.0014658557792001314,6.150191218177618,0.05,0.010284811522012825,0.00016049128743139842,0.0016298884673876053
231,4.706027258000001,0.014315639738917349,-0.0019601105300187083,6.157870666886393,0.05,0.014595432279060308,0.0002447646896839653,0.0022225567709236505
232,4.7268612050000005,0.014315639738917349,-0.0019601105300187083,6.157870666886393,0.05,0.014595432279060308,0.0002447646896839653,0.0022225567709236505
233,4.746026189,0.0182256146177464,-0.002452668666968548,6.157870666886393,0.05,0.01891220727839827,0.0003291584084675694,0.0028653047585362494
234,4.766434419,0.0182256146177464,-0.002452668666968548,6.157870666886393,0.05,0.01891220727839827,0.0003291584084675694,0.0028653047585362494
235,4.7866810520000005,0.0182256146177464,-0.002452668666968548,6.157870666886393,0.05,0.01891220727839827,0.0003291584084675694,0.0028653047585362494
236,4.806130895,0.023008594114077054,-0.0030552033488505576,6.157870666886393,0.05,0.01891220727839827,0.0003291584084675694,0.005313594791844772
237,4.825923596,0.023008594114077054,-0.0030552033488505576,6.157870666886393,0.05,0.01891220727839827,0.0003291584084675694,0.005313594791844772
238,4.845839798,0.02777435012203365,-0.0036555683059624057,6.157870666886393,0.05,0.02825354423509428,0.0005117832069125188,0.004194811751420185
239,4.866459301,0.02777435012203365,-0.0036555683059624057,6.157870666886393,0.05,0.02825354423509428,0.0005117832069125188,0.004194811751420185
240,4.886506511,0.02777435012203365,-0.0036555683059624057,6.157870666886393,0.05,0.02825354423509428,0.0005117832069125188,0.004194811751420185
241,4.907142634,0.03396047101642219,-0.004434863385116216,6.157870666886393,0.05,0.02825354423509428,0.0005117832069125188,0.007552372196460343
242,4.926615817,0.03396047101642219,-0.004434863385116216,6.157870666886393,0.05,0.02825354423509428,0.0005117832069125188,0.007552372196460343
243,4.945770697,0.04044534075983129,-0.005251793278060325,6.157870666886393,0.05,0.04150123344141199,0.0007846564256833832,0.006128102021086396
244,4.966728581,0.04044534075983129,-0.005251793278060325,6.157870666886393,0.05,0.04150123344141199,0.0007846564256833832,0.006128102021086396
245,4.986573893,0.04044534075983129,-0.005251793278060325,6.157870666886393,0.05,0.04150123344141199,0.0007846564256833832,0.006128102021086396
246,5.00605843,0.046851382402913026,-0.006058792820186382,6.157870666886393,0.05,0.04150123344141199,0.0007846564256833832,0.008686592628358147
247,5.026784267,0.046851382402913026,-0.006058792820186382,6.157870666886393,0.05,0.04150123344141199,0.0007846564256833832,0.008686592628358147
248,5.047227058000001,0.046851382402913026,-0.006058792820186382,6.157870666886393,0.05,0.04150123344141199,0.0007846564256833832,0.008686592628358147
249,5.066661597,0.053302655522887064,-0.0068714903866425175,6.157870666886393,0.05,0.0548373051098886,0.0010593501285067186,0.008077956463835181
250,5.086206442,0.053302655522887064,-0.0068714903866425175,6.157870666886393,0.05,0.0548373051098886,0.0010593501285067186,0.008077956463835181
251,5.1060932150000005,0.05933249060638633,-0.007631097398678524,6.157870666886393,0.05,0.0548373051098886,0.0010593501285067186,0.009784200062891378
252,5.126421785000001,0.05933249060638633,-0.007631097398678524,6.157870666886393,0.05,0.0548373051098886,0.0010593501285067186,0.009784200062891378
253,5.146366036000001,0.05933249060638633,-0.007631097398678524,6.157870666886393,0.05,0.0548373051098886,0.0010593501285067186,0.009784200062891378
254,5.1661422990000005,0.06518852228828703,-0.008014921993466043,6.2177354602297985,0.05,0.06829919933961248,0.0013366354989595424,0.009855350792933953
255,5.186593052,0.06518852228828703,-0.008014921993466043,6.2177354602297985,0.05,0.06829919933961248,0.0013366354989595424,0.009855350792933953
256,5.205964983,0.07111482482391954,-0.008331729747316661,6.2297782320685595,0.05,0.06829919933961248,0.0013366354989595424,0.010070006623795282
257,5.226480937000001,0.07111482482391954,-0.008331729747316661,6.2297782320685595,0.05,0.06829919933961248,0.0013366354989595424,0.010070006623795282
258,5.246419912,0.07111482482391954,-0.008331729747316661,6.2297782320685595,0.05,0.06829919933961248,0.0013366354989595424,0.010070006623795282
259,5.266444092,0.07703128834041284,-0.0086221281847493,6.234141555198546,0.05,0.07436114483039004,0.0014614982242485046,0.010431164264853415
260,5.286446993,0.07703128834041284,-0.0086221281847493,6.234141555198546,0.05,0.07436114483039004,0.0014614982242485046,0.010431164264853415
261,5.305927484000001,0.08344156996110907,-0.008887436349615193,6.2418210039073205,0.05,0.08045130150905579,0.0015869420378710256,0.010892855824786425
262,5.326501701000001,0.08344156996110907,-0.008887436349615193,6.2418210039073205,0.05,0.08045130150905579,0.0015869420378710256,0.010892855824786425
263,5.346254417,0.08344156996110907,-0.008887436349615193,6.2418210039073205,0.05,0.08045130150905579,0.0015869420378710256,0.010892855824786425
264,5.366220153,0.09103546457172802,-0.009201731783504334,6.2418210039073205,0.05,0.0956314997378485,0.0019181751415428983,0.01203228445765514
265,5.386585629000001,0.09103546457172802,-0.009201731783504334,6.2418210039073205,0.05,0.0956314997378485,0.0019181751415428983,0.01203228445765514
266,5.406468108,0.09103546457172802,-0.009201731783504334,6.2418210039073205,0.05,0.0956314997378485,0.0019181751415428983,0.01203228445765514
267,5.426260174,0.0985794963746679,-0.00940718493703368,6.255958170848475,0.05,0.0956314997378485,0.0019181751415428983,0.011702754593689238
268,5.446381282,0.0985794963746679,-0.00940718493703368,6.255958170848475,0.05,0.0956314997378485,0.0019181751415428983,0.011702754593689238
269,5.466190376,0.10611539612643885,-0.009612416623368699,6.255958170848475,0.05,0.11081781125922686,0.002249541637733517,0.012760045527708937
270,5.486474441,0.10611539612643885,-0.009612416623368699,6.255958170848475,0.05,0.11081781125922686,0.002249541637733517,0.012760045527708937
271,5.506493372,0.10611539612643885,-0.009612416623368699,6.255958170848475,0.05,0.11081781125922686,0.002249541637733517,0.012760045527708937
272,5.526582749,0.11404692113165601,-0.00977578856878716,6.262590422006053,0.05,0.11081781125922686,0.002249541637733517,0.012451333950387725
273,5.546531715,0.11404692113165601,-0.00977578856878716,6.262590422006053,0.05,0.11081781125922686,0.002249541637733517,0.012451333950387725
274,5.565776807000001,0.1219984568512077,-0.009879879873281774,6.270095337789629,0.05,0.12079439269360764,0.002477684087543106,0.0124160846300875
275,5.586553403,0.1219984568512077,-0.009879879873281774,6.270095337789629,0.05,0.12079439269360764,0.002477684087543106,0.0124160846300875
276,5.606452139,0.1219984568512077,-0.009879879873281774,6.270095337789629,0.05,0.12079439269360764,0.002477684087543106,0.0124160846300875
277,5.626543156,0.12935672156460526,-0.009870890052555216,0.0012217304763959547,0.05,0.13085487958760048,0.002718286353280715,0.012678006153931344
278,5.646398253,0.12935672156460526,-0.009870890052555216,0.0012217304763959547,0.05,0.13085487958760048,0.002718286353280715,0.012678006153931344
279,5.666636458,0.12935672156460526,-0.009870890052555216,0.0012217304763959547,0.05,0.13085487958760048,0.002718286353280715,0.012678006153931344
280,5.686193449,0.13676428949673688,-0.009861839996553776,0.0012217304763959547,0.05,0.13896540568573373,0.0029122541975905238,0.012962345272300654
281,5.706701382,0.13676428949673688,-0.009861839996553776,0.0012217304763959547,0.05,0.13896540568573373,0.0029122541975905238,0.012962345272300654
282,5.726319374,0.14348093681427093,-0.009803224703416503,0.008726646259971549,0.05,0.14716180771290416,0.0031268845382235325,0.013443828903000441
283,5.746599431,0.14348093681427093,-0.009803224703416503,0.008726646259971549,0.05,0.14716180771290416,0.0031268845382235325,0.013443828903000441
284,5.766804632,0.14348093681427093,-0.009803224703416503,0.008726646259971549,0.05,0.14716180771290416,0.0031268845382235325,0.013443828903000441
285,5.7865435970000005,0.15021920558283672,-0.009692666106580932,0.016406094968746565,0.05,0.14716180771290416,0.0031268845382235325,0.013179095586184006
286,5.806523434000001,0.15021920558283672,-0.009692666106580932,0.016406094968746565,0.05,0.14716180771290416,0.0031268845382235325,0.013179095586184006
287,5.826119520000001,0.15689024361159748,-0.009531959451534117,0.02408554367752158,0.05,0.15867055006581654,0.003440312088812747,0.013093865738865175
288,5.846506777,0.15689024361159748,-0.009531959451534117,0.02408554367752158,0.05,0.15867055006581654,0.003440312088812747,0.013093865738865175
289,5.866430619,0.15689024361159748,-0.009531959451534117,0.02408554367752158,0.05,0.15867055006581654,0.003440312088812747,0.013093865738865175
290,5.886260529,0.16357090553338227,-0.009334849051028101,0.02949606435870411,0.05,0.15867055006581654,0.003440312088812747,0.013682771132245143
291,5.90656971,0.16357090553338227,-0.009334849051028101,0.02949606435870411,0.05,0.15867055006581654,0.003440312088812747,0.013682771132245143
292,5.926159335,0.1697225651951949,-0.00912002836198626,0.03490658503988664,0.05,0.1702706035573597,0.0037562263947436797,0.012887912267183334
293,5.9464320100000005,0.1697225651951949,-0.00912002836198626,0.03490658503988664,0.05,0.1702706035573597,0.0037562263947436797,0.012887912267183334
294,5.96679373,0.1697225651951949,-0.00912002836198626,0.03490658503988664,0.05,0.1702706035573597,0.0037562263947436797,0.012887912267183334
295,5.986655096000001,0.1697225651951949,-0.00912002836198626,0.03490658503988664,0.05,0.1702706035573597,0.0037562263947436797,0.012887912267183334
296,6.006499393,0.1697225651951949,-0.00912002836198626,0.03490658503988664,0.05,0.1702706035573597,0.0037562263947436797,0.012887912267183334
297,6.026472104000001,0.18208768241216675,-0.008585520445463641,0.045902159327450676,0.05,0.18342222809536662,0.004158044866245316,0.012813253647467502
298,6.04665776,0.18208768241216675,-0.008585520445463641,0.045902159327450676,0.05,0.18342222809536662,0.004158044866245316,0.012813253647467502
299,6.066538268,0.18208768241216675,-0.008585520445463641,0.045902159327450676,0.05,0.18342222809536662,0.004158044866245316,0.012813253647467502
300,6.086460984,0.188296727736605,-0.008273156667583785,0.05026548245743667,0.05,0.18342222809536662,0.004158044866245316,0.013352734488752033
301,6.106762177,0.188296727736605,-0.008273156667583785,0.05026548245743667,0.05,0.18342222809536662,0.004158044866245316,0.013352734488752033
302,6.126071199,0.1946925575273821,-0.007916694028919247,0.0556760031386192,0.05,0.19669002592894058,0.00456341275294803,0.012638945577145042
303,6.146714334,0.1946925575273821,-0.007916694028919247,0.0556760031386192,0.05,0.19669002592894058,0.00456341275294803,0.012638945577145042
304,6.166711224,0.1946925575273821,-0.007916694028919247,0.0556760031386192,0.05,0.19669002592894058,0.00456341275294803,0.012638945577145042
305,6.186275343,0.20113520417342381,-0.007536187089167773,0.05899212871740822,0.05,0.19669002592894058,0.00456341275294803,0.01289030356370849
306,6.206337539000001,0.20113520417342381,-0.007536187089167773,0.05899212871740822,0.05,0.19669002592894058,0.00456341275294803,0.01289030356370849
307,6.226552020000001,0.20113520417342381,-0.007536187089167773,0.05899212871740822,0.05,0.19669002592894058,0.00456341275294803,0.01289030356370849
308,6.246282487,0.20113520417342381,-0.007536187089167773,0.05899212871740822,0.05,0.19669002592894058,0.00456341275294803,0.01289030356370849
309,6.265696308000001,0.20743034661793497,-0.007136821011844055,0.06335545184739422,0.05,0.21124496066228401,0.0050538791323910676,0.012773584082550958
310,6.286248212,0.21374538236617618,-0.006715162660711474,0.06667157742618324,0.05,0.21124496066228401,0.0050538791323910676,0.01203172695106938
311,6.30658616,0.21374538236617618,-0.006715162660711474,0.06667157742618324,0.05,0.21124496066228401,0.0050538791323910676,0.01203172695106938
312,6.326297456000001,0.21374538236617618,-0.006715162660711474,0.06667157742618324,0.05,0.21124496066228401,0.0050538791323910676,0.01203172695106938
313,6.346513271,0.2193445179298777,-0.006323632961102296,0.06981317007977328,0.05,0.22622566544455755,0.005558692940950062,0.013730981755190311
314,6.366642191,0.2193445179298777,-0.006323632961102296,0.06981317007977328,0.05,0.22622566544455755,0.005558692940950062,0.013730981755190311
315,6.386196219,0.22494988844814068,-0.005912983866145693,0.0731292956585623,0.05,0.22622566544455755,0.005558692940950062,0.011542399044871266
316,6.406570983000001,0.22494988844814068,-0.005912983866145693,0.0731292956585623,0.05,0.22622566544455755,0.005558692940950062,0.011542399044871266
317,6.426327045000001,0.22494988844814068,-0.005912983866145693,0.0731292956585623,0.05,0.22622566544455755,0.005558692940950062,0.011542399044871266
318,6.446597216000001,0.23032785444695056,-0.005513331956876574,0.07417649320975883,0.05,0.22622566544455755,0.005558692940950062,0.011807526834585092
319,6.466486313000001,0.23032785444695056,-0.005513331956876574,0.07417649320975883,0.05,0.22622566544455755,0.005558692940950062,0.011807526834585092
320,6.486046215,0.23571539379847428,-0.005106349550260892,0.07539822368615479,0.05,0.24127399791428938,0.0060841922903607515,0.01249505127652785
321,6.506442436,0.23571539379847428,-0.005106349550260892,0.07539822368615479,0.05,0.24127399791428938,0.0060841922903607515,0.01249505127652785
322,6.526633525,0.23571539379847428,-0.005106349550260892,0.07539822368615479,0.05,0.24127399791428938,0.0060841922903607515,0.01249505127652785
323,6.546185604000001,0.24216454475825236,-0.004612378874616358,0.07644542123735176,0.05,0.24127399791428938,0.0060841922903607515,0.010733578544395722
324,6.566543859,0.24216454475825236,-0.004612378874616358,0.07644542123735176,0.05,0.24127399791428938,0.0060841922903607515,0.010733578544395722
325,6.586026776000001,0.2486383230551451,-0.004109702229035869,0.0774926187885483,0.05,0.24127399791428938,0.0060841922903607515,0.012575721460529574
326,6.606807024,0.2486383230551451,-0.004109702229035869,0.0774926187885483,0.05,0.24127399791428938,0.0060841922903607515,0.012575721460529574
327,6.626625194000001,0.2486383230551451,-0.004109702229035869,0.0774926187885483,0.05,0.24127399791428938,0.0060841922903607515,0.012575721460529574
328,6.6459606540000005,0.254456998847347,-0.0036517625127304894,0.07853981633974483,0.05,0.2564165003690758,0.006644735554474299,0.010481293749418983
329,6.666594425,0.254456998847347,-0.0036517625127304894,0.07853981633974483,0.05,0.2564165003690758,0.006644735554474299,0.010481293749418983
330,6.686249918000001,0.2602480914068183,-0.0032020951239911505,0.0774926187885483,0.05,0.2564165003690758,0.006644735554474299,0.010566038249546373
331,6.7062631470000005,0.2602480914068183,-0.0032020951239911505,0.0774926187885483,0.05,0.2564165003690758,0.006644735554474299,0.010566038249546373
332,6.726387927,0.2602480914068183,-0.0032020951239911505,0.0774926187885483,0.05,0.2564165003690758,0.006644735554474299,0.010566038249546373
333,6.746206442,0.2648488720501696,-0.0028496997874480085,0.07644542123735176,0.05,0.2564165003690758,0.006644735554474299,0.012698393387750114
334,6.766312698,0.2648488720501696,-0.0028496997874480085,0.07644542123735176,0.05,0.2564165003690758,0.006644735554474299,0.012698393387750114
335,6.786342449,0.2648488720501696,-0.0028496997874480085,0.07644542123735176,0.05,0.2564165003690758,0.006644735554474299,0.012698393387750114
336,6.8062828930000006,0.2694151538543817,-0.0025103664332174246,0.07417649320975883,0.05,0.27323943402343276,0.007267484810796735,0.010499118713561939
337,6.826433917,0.2694151538543817,-0.0025103664332174246,0.07417649320975883,0.05,0.27323943402343276,0.007267484810796735,0.010499118713561939
338,6.846087801,0.2751937818323599,-0.0020931078859332073,0.07208209810736577,0.05,0.27323943402343276,0.007267484810796735,0.009562435411145643
