x,y,theta
0.0,0.0,0.0
0.0,0.0,0.0
0.0,0.0,0.0
0.0,0.0,0.0
0.0,0.0,0.0
0.0,0.0,0.0
0.0,0.0,0.0
0.0,0.0,0.0
0.0,0.0,0.0
0.0,0.0,0.0
0.0,0.0,0.0
0.0,0.0,0.0
0.0,0.0,0.0
0.0,0.0,0.0
0.0,0.0,0.0
0.0,0.0,0.0
0.0,0.0,0.0
0.0010466082968,0.0,0.0
0.008437835408599999,0.0,0.0
0.011407689781399999,0.0,0.0
0.0190698119934,0.0,0.0
0.0277472147874,0.0,0.0
0.0367295028684,0.0,0.0
0.0417468981419,0.0,0.0
0.0533950007443,0.0,0.0
0.0655016189876,0.0,0.0
0.0755347365492,0.0,0.0
0.0880743807612,0.0,0.0
0.09949195023671784,1.394919953491866e-05,0.0012217304763959547
0.11355809657666796,3.1134247754161564e-05,0.0012217304763959547
0.1302948239199284,5.158202779817832e-05,0.0012217304763959547
0.1424586536227544,7.918092929382986e-05,0.0022689280275924872
0.16296675855682638,0.00012571242322015802,0.0022689280275924872
0.18019095487082862,0.00018283023056017637,0.00331612557878902
0.1984952749069114,0.0002435298769327089,0.00331612557878902
0.2197216717989881,0.0003361480932322832,0.004363323129985552
0.23711533870466886,0.000433293665395726,0.005585053606381507
0.2626566255998607,0.0005759446051129682,0.005585053606381507
0.2830173073642889,0.0007109837402977852,0.00663225115757804
0.3086116064363111,0.0009075377111271417,0.007679448708774572
0.332644993852829,0.0011214688489700447,0.008901179185170527
0.3583649907387276,0.0013773495092248632,0.00994837673636706
0.383088736713981,0.0016492122511599248,0.010995574287563592
0.4105510871175041,0.001979951060215205,0.012042771838760125
0.43840556880802006,0.0023445861995704453,0.013089969389956657
0.4664114188942575,0.0027454248881089386,0.0143116998663535
0.4961613040340971,0.0032023862544657343,0.015358897417550033
0.5250584550382101,0.0036765181980391755,0.016406094968746565
0.5546289084220887,0.004192672381811601,0.017453292519943098
0.5852971230629986,0.004765468585832232,0.018675022996339052
0.6151915510560031,0.005386447752540412,0.020769418098732118
0.6461147402576954,0.0060665938461837475,0.021991148575128072
0.6783083837973228,0.006808413397809848,0.023038346126324605
0.711560481443241,0.007644305769111791,0.02513274122871767
0.7421584043675264,0.008445540578987132,0.026179938779914202
0.7760667596177183,0.009374918734543393,0.027401669256310157
0.8101772519982113,0.010381335896988295,0.02949606435870411
0.8444177035577907,0.011427476308724916,0.030543261909900643
0.8786936729778758,0.012552549722887206,0.03281218993749313
0.91207876148611,0.013718382703144833,0.034906585039886195
0.9478481303773916,0.015011232296764349,0.03612831551628215
0.9837091579047061,0.016382605887273537,0.038222710618675215
1.0191932604088252,0.017820201110124625,0.0404916386462677
1.0534656472865187,0.019244655555796075,0.041538836197464235
1.0895611265731393,0.0208206182161846,0.04363323129985819
1.1245211325501916,0.022426485997968874,0.045902159327450676
1.161468767458303,0.024162429362384445,0.04694935687864721
1.1972187768261842,0.025923405691459483,0.049218284906239695
1.233226583506153,0.02777268608470123,0.05131268000863276
1.2688081108899385,0.02968102816414743,0.05358160803622525
1.3055939825016136,0.03173123732999816,0.05567600313861831
1.3420888270327702,0.03384829854034758,0.05794493116621169
1.3790711282613737,0.03607136280737806,0.060039326268604754
1.4155524434979807,0.03834739606553726,0.06230825429619724
1.450780962577682,0.04061934802355728,0.0644026493985903
1.4867614345905065,0.04302178359268686,0.0666715774261828
1.5232653204421815,0.04553597305291067,0.06876597252857586
1.5605798412390413,0.048191073671304825,0.07103490055616923
1.5976286822144679,0.05094427814216125,0.07417649320975883
1.634229230831798,0.053747685573964525,0.07644542123735132
1.6706605812399888,0.05665968434169212,0.07976154681614034
1.7066104684198315,0.0596089863259616,0.0818559419185334
1.743661807846048,0.06277237858926149,0.08517206749732331
1.7819625718831402,0.06612326124688846,0.08726646259971638
1.8202712777314103,0.06960288519199002,0.0905825881785054
1.8561577940652676,0.07298252147579583,0.09389871375729442
1.8920135857389855,0.07643504152842734,0.09599310885968748
1.9276506444868562,0.07998581117932743,0.0993092344384765
1.9641781368231703,0.08370902106021258,0.10157816246606988
2.001253449440768,0.08760579344012104,0.10471975511965947
2.0380842254007208,0.09156137380936298,0.10698868314725196
2.074391970756102,0.09553771862783672,0.10908307824964503
2.1101957128654836,0.09957906397420092,0.11239920382843405
2.1453139782558073,0.10362375299574832,0.11466813185602742
2.180556092726848,0.10775751429467602,0.11676252695842049
2.216793334193103,0.11212986847087394,0.12007865253720951
2.2537659670983308,0.11666953696756659,0.12217304763960257
2.2896464554072216,0.1211577677301783,0.12444197566719506
2.3244371714075895,0.12558370582268624,0.12653637076958812
2.3595343506422095,0.13016695155883215,0.12985249634837803
2.395441468315352,0.13493884965440545,0.13212142437597052
2.4312882897526222,0.13977915939626595,0.13421581947836358
2.4668207395184383,0.14469705287339374,0.1375319450571526
2.5016329532554047,0.14958959044982503,0.13962634015954567
2.536230111003844,0.15453197849048386,0.14189526818713816
2.5708290045948337,0.1595485793112227,0.1439896632895321
2.6058298539944653,0.16474202568570695,0.14730578886832113
2.6397099324611313,0.16984776193427553,0.14957471689591362
2.672372312234311,0.17483997438889765,0.15166911199830668
2.705358300681753,0.17995826606294507,0.15393804002589917
2.7396261436914866,0.18534897988173643,0.15603243512829224
2.7735962938121643,0.19073540090452273,0.15725416560468908
2.8070885526710447,0.19611797953668922,0.15934856070708214
2.8394133407782904,0.20134766321787995,0.16039575825827868
2.8725658292718785,0.20678847481753276,0.16266468628587116
2.905315714823497,0.2122336762787223,0.16475908138826423
2.9376051130286527,0.21764286196820037,0.16598081186466018
2.9701833043937893,0.22317059802922462,0.16807520696705325
3.0042821828088035,0.2290359842419909,0.17034413499464574
3.0384280905600143,0.23494628216764613,0.17139133254584316
3.0722110752085436,0.24083020590240303,0.1724385300970397
3.1056026448211895,0.24672404986394475,0.17470745812463218
3.13952475192769,0.2527481740238454,0.1757546556758287
3.1749937420293652,0.25908532601030904,0.17680185322702524
3.210747882392471,0.26555717234484855,0.17907078125461773
3.246358542124804,0.2720415678388357,0.18011797880581426
3.2810972094920707,0.27840477264059404,0.1811651763570108
3.3156953218538936,0.2847796853848291,0.18221237390820733
3.3510934866599156,0.29134673801710115,0.18343410438460328
3.385798506870145,0.29782279992282557,0.1844813019357998
3.419878313520433,0.3041821950842591,0.1844813019357998
3.452527338170303,0.3103099894153711,0.18552849948699723
3.4856943930275817,0.3165350112319086,0.18552849948699723
3.5197262853341247,0.322922351711125,0.18552849948699723
3.5527224360973166,0.3291152970674883,0.18552849948699723
3.585799939520614,0.3353235112526991,0.18552849948699723
3.6199194753526474,0.3417273012738059,0.18552849948699723
3.6554910457396743,0.3484036191639712,0.18552849948699723
3.6914172086684975,0.35514648943022664,0.18552849948699723
3.725940492710789,0.36162605770261497,0.18552849948699723
3.7612136895452184,0.3682463747846775,0.18552849948699723
3.7991547692254675,0.37536741853634203,0.18552849948699723
3.8366498799831517,0.3823641197904501,0.1844813019357998
3.873560932959358,0.3892118427991324,0.18343410438460328
3.9113986433613612,0.39623147890332805,0.18343410438460328
3.949357585088682,0.40322564490997387,0.18221237390820733
3.986666614187719,0.41005967197848586,0.1811651763570108
4.025349977533854,0.41710358042779205,0.18011797880581426
4.063744746567632,0.4240534061742154,0.17907078125461773
4.102405125956968,0.4310025406174364,0.17784905077822177
4.139443283207193,0.43762005160718775,0.17680185322702524
4.176224042736644,0.4441518351843466,0.1757546556758287
4.212748566918795,0.450598667387695,0.17470745812463218
4.248378154838762,0.456842660869938,0.17348572764823622
4.285244201063985,0.4632635560823649,0.1724385300970397
4.322097251291312,0.4696424319318411,0.17139133254584316
4.359368025313828,0.4760534194555404,0.17034413499464574
4.3960691104700995,0.48228071149957163,0.16807520696705325
4.433285800684734,0.4885554011744186,0.16702800941585672
4.47092550463396,0.49486088096889286,0.16598081186466018
4.508608279841921,0.5011735761482715,0.16598081186466018
4.547787915120967,0.5076878281426512,0.16475908138826423
4.586706626723708,0.5140749618738849,0.16266468628587116
4.625330325055957,0.5203721506869965,0.16161748873467463
4.665084969602869,0.5268038777921751,0.16039575825827868
4.704533084055486,0.5331436286828682,0.15934856070708214
4.743877604018624,0.5394244722433916,0.1583013631558856
4.783393641491719,0.5456902677793591,0.15725416560468908
4.8229474310757166,0.5518700812527948,0.1549852375770957
4.862259313350132,0.5579699342269407,0.15393804002589917
4.902603101749829,0.564186645485127,0.15289084247470264
4.941420720828924,0.5701196424918104,0.15166911199830668
4.980813170011914,0.5760982895774421,0.15062191444711015
5.019738349155846,0.5819643237524437,0.14957471689591362
5.058244185662809,0.5877259303989895,0.14852751934471708
5.095090655990776,0.5931538021282496,0.1462585913171246
5.131279372456809,0.5984460666604651,0.14521139376592807
5.167761454693035,0.6037357168398042,0.1439896632895321
5.2042639319264925,0.6089502899051653,0.14189526818713816
5.241134063231045,0.6141779919324666,0.14084807063594162
5.277853563408999,0.6193385811373308,0.13962634015954567
5.314452325891983,0.6244040583693333,0.1375319450571526
5.3504207070670295,0.6293439052502412,0.13648474750595607
5.386442602973151,0.6342462701272383,0.13526301702956012
5.424022232953958,0.6392804916697759,0.13316862192716705
5.462790844954861,0.6444326697827382,0.13212142437597052
5.501475328855221,0.6495255787061,0.13089969389957457
5.540514212660358,0.6545819880778172,0.1288052987971815
5.579143572627994,0.6595442293026447,0.12775810124598408
5.616869304429704,0.6643034082367809,0.1254891732183916
5.655145812632941,0.6690913531533654,0.12444197566719506
5.693439564845857,0.673793234704153,0.12217304763960257
5.7324746540167215,0.6785446525870016,0.12112585008840604
5.771842714233198,0.6832529475793035,0.11903145498601297
5.812023551768082,0.6880086630976555,0.11780972450961702
5.8522161984618855,0.6927231023388323,0.11676252695842049
5.892827123995028,0.6974003995467986,0.11466813185602742
5.933801871216988,0.702025421800004,0.11239920382843405
5.9755128925295535,0.7066450993474528,0.11030480872604098
6.0175285891480526,0.7112465664974578,0.10908307824964503
6.059236047747235,0.7157258966279247,0.10698868314725196
6.100994160677371,0.7201148511535844,0.10471975511965947
6.143377964157673,0.7244798389805251,0.10262536001726641
6.18460713223363,0.728682285853903,0.10157816246606988
6.226952849491935,0.7329014861181609,0.0993092344384765
6.268857248295354,0.7369880974470084,0.09721483933608344
6.311830093705919,0.7410804981031315,0.09494591130849095
6.353578123123439,0.7450121462376071,0.09389871375729442
6.395654819397723,0.7488784514852448,0.09162978572970193
6.437770003162092,0.7526593596440242,0.08953539062730886
6.480276614373317,0.7564305409907113,0.08848819307611233
6.522546975644221,0.7600841182368198,0.08621926504851984
6.564835280058093,0.7636500323011672,0.08412486994612589
6.607663185540273,0.7671636017871801,0.0818559419185334
6.650496062120306,0.7706324265871156,0.08080874436733687
6.693737884967802,0.7740356318514213,0.07853981633974438
6.737252206084272,0.7773685974985545,0.07644542123735132
6.779936781115414,0.7805930511754688,0.07539822368615479
6.823319447276418,0.783771262595709,0.0731292956585623
6.866236781247996,0.7868250292670835,0.07103490055616923
6.909233400859575,0.7897864029764999,0.06876597252857586
6.951440674043967,0.7926046054263736,0.0666715774261828
6.994826057331756,0.7954026085523959,0.0644026493985903
7.038157296643017,0.7981515577972857,0.06335545184739377
7.081660951936972,0.8008123553411876,0.061086523819801286
7.125101415342954,0.8033779776234761,0.05899212871740822
7.168502559008137,0.8058424731620298,0.056723200689815734
7.212331701542445,0.8082852291935791,0.05567600313861831
7.25624515839433,0.8106404371828401,0.05358160803622525
7.300041856115631,0.8128897375944031,0.05131268000863276
7.343341253927304,0.8150680376024805,0.05026548245743623
7.387443876569021,0.8171401500751357,0.04694935687864721
7.427844766472123,0.8189535467757564,0.04485496177625414
7.470593957182589,0.8208200167507511,0.04363323129985819
7.511452096289988,0.822518193131086,0.041538836197464235
7.553422548521197,0.8241672166904105,0.03926990816987175
7.59371829614901,0.8256659222596081,0.03717551306747868
7.635249275883289,0.8271162160296753,0.034906585039886195
7.6766276746489694,0.828474419376204,0.03281218993749313
7.718021631337526,0.8297391191369015,0.030543261909900643
7.759830468032029,0.8309288541466463,0.028448866807507578
7.801884668144421,0.8320300821324442,0.026179938779914202
7.844136152084854,0.8330922013851323,0.02513274122871767
7.886244286206034,0.8340624748223446,0.023038346126324605
7.928776349813835,0.8349459680747906,0.020769418098732118
7.970420235668033,0.8357237590227558,0.018675022996339052
8.012866029476008,0.8364201912320012,0.016406094968746565
8.056197279718436,0.837040377424044,0.0143116998663535
8.099841673501,0.8375202919392513,0.010995574287563592
8.142592496764843,0.8379008347277501,0.008901179185170527
8.184077800086456,0.8381325347798096,0.005585053606381507
8.226021841291114,0.8382716269975778,0.00331612557878902
8.26811823866322,0.8383230574747826,0.0012217304763959547
8.308315157237383,0.838280963344699,6.28213810962839
8.348139061214086,0.8381558524489299,6.280043714525996
8.386959512509373,0.8379458115447793,6.277774786498403
8.425044440383298,0.837613449414403,6.274458660919614
8.462460856184602,0.8372085490273339,6.272364265817221
8.498981414194123,0.836730468734651,6.270095337789629
8.535173204178987,0.8361808771643945,6.268000942687236
8.570322112303566,0.835567350690924,6.265732014659643
8.606153232672291,0.8348668459167434,6.263637619557249
8.642852951503993,0.8340660552031246,6.261368691529657
8.67784989706618,0.8332290833463066,6.259274296427264
8.711583535026998,0.8323457369484213,6.257005368399671
8.745657523739752,0.8313820608014042,6.254910973297278
8.78113412003708,0.8303415344525507,6.2538637757460815
8.817155246689023,0.8291654716588053,6.250547650167292
8.85157948812991,0.8279633506585197,6.248278722139699
8.884971752022139,0.8267622548757515,6.247231524588503
8.919915543042727,0.825432065354675,6.2451371294861096
8.956463060320687,0.8239577763464613,6.242868201458517
8.991195527592822,0.8224838364335215,6.240773806356124
9.024077784392293,0.8210136646466327,6.2385048783285315
9.055325031890526,0.8195510132863401,6.236410483226138
9.089750112810805,0.8178613232071444,6.234141555198545
9.124670748836396,0.8160739882882673,6.232047160096152
9.157012583734838,0.8143110943635482,6.228731034517363
9.18861376736058,0.8125166491143753,6.2264621064897705
9.222127812568782,0.810543157253585,6.224367711387377
9.256693769307839,0.8084290127714159,6.222098783359785
9.29108261193729,0.8062533984296059,6.220004388257391
9.325452546552937,0.8040006738981631,6.2177354602297985
9.359679387443755,0.8016853257548542,6.215641065127405
9.394028718259746,0.799283386558499,6.213372137099813
9.428205522055853,0.7968215712473271,6.21127774199742
9.461934003083611,0.7943151121431837,6.209008813969827
9.49571431316059,0.7917336502754855,6.2069144188674334
9.53038491842719,0.7889684795831161,6.203598293288644
9.566109892026981,0.7860439064013952,6.201503898186251
9.601181169670616,0.7830927245894165,6.199234970158659
9.635641828421301,0.7801202269922687,6.197140575056266
9.671180313871835,0.7769359971919221,6.193824449477476
9.707747409170564,0.7735759531541788,6.191555521449883
9.745509433425145,0.7699864410872995,6.188413928796294
9.782612051456029,0.7663746473360213,6.186145000768701
9.819458808657476,0.7626643739826559,6.182828875189912
9.856125252567876,0.758894668078745,6.180734480087519
9.893003003370236,0.7549796110673871,6.177418354508729
9.931203222637375,0.75079600664743,6.17410222892994
9.96944390739284,0.7465269000941364,6.172007833827547
10.00727181469459,0.742176822137127,6.168691708248758
10.044617965398855,0.7378028733470416,6.166597313146364
10.081598881729382,0.7333473362223843,6.163281187567575
10.118513450968049,0.7287755523480789,6.159965061988786
10.156142174173644,0.7240352830695459,6.157870666886393
10.194810059110122,0.7190337882389836,6.154554541307604
10.234499272296082,0.7138086041957732,6.152285613280012
10.27311567411174,0.7086011872585127,6.149144020626421
10.310529113665883,0.7034695309757623,6.146875092598829
10.347774128449679,0.6982814797063587,6.144780697496436
10.386524728459793,0.6927940508802033,6.142511769468843
10.425620160702021,0.6871742425955801,6.14041737436645
10.465092983162213,0.6814509557213939,6.139195643890054
10.505478770583816,0.6755089068671936,6.13710124878766
10.545932425533179,0.669463067626779,6.134832320760068
10.58585709835259,0.6634107727056546,6.132737925657675
10.625768447715433,0.6572678285013513,6.130468997630082
10.665467665932251,0.6511149697512039,6.129421800078886
10.704861707885005,0.6449671581628499,6.128374602527689
10.744741513748133,0.6387007523989546,6.1273274049764925
10.784436676141722,0.6324136563196545,6.126105674500097
10.825314063078109,0.625895426439972,6.1250584769489
10.86587588493307,0.61938395239498,6.1240112793977035
10.907923205970901,0.6125888338737221,6.122964081846506
10.950028867210092,0.6057842871993022,6.122964081846506
10.993148324333836,0.5988159045652574,6.122964081846506
11.036376694735413,0.5918299208424119,6.122964081846506
11.079087385372866,0.5848740431670949,6.12174235137011
11.122116632219857,0.5778662853186127,6.12174235137011
11.164573014292987,0.5709518244230014,6.12174235137011
11.206808694745696,0.5640733070687254,6.12174235137011
11.247839892325736,0.5573909522067729,6.12174235137011
11.288547044852312,0.5507613714329832,6.12174235137011
11.329076684750213,0.5441607004265715,6.12174235137011
11.368238783601765,0.5377827476223805,6.12174235137011
11.40722891707911,0.531432801157809,6.12174235137011
11.446018636115344,0.5251154942576164,6.12174235137011
11.484320305129517,0.5188776713508277,6.12174235137011
11.522614694176928,0.5126410340619139,6.12174235137011
11.561112086455259,0.506371335597428,6.12174235137011
11.598864089902543,0.5002230314127329,6.12174235137011
11.637172229317471,0.49398415473426555,6.12174235137011
11.674948727734218,0.48783186129047185,6.12174235137011
11.710999457023231,0.4819606271966721,6.12174235137011
11.748609419928766,0.47583545578315456,6.12174235137011
11.785704856312845,0.4697940803347814,6.12174235137011
11.823500234309318,0.4636861032579376,6.122964081846506
11.861509117640463,0.45754362234070123,6.122964081846506
11.899530902896286,0.45139905638914674,6.122964081846506
11.936393219123765,0.4454418681176646,6.122964081846506
11.973123749604852,0.4395059772735582,6.122964081846506
12.010593952929964,0.43345055052281034,6.122964081846506
12.048696190407979,0.427292982972781,6.122964081846506
12.087533152811991,0.421016679131605,6.122964081846506
12.126859116994847,0.41466134944615807,6.122964081846506
12.165690141288842,0.40838600524189506,6.122964081846506
12.204153843236309,0.4021700227001245,6.122964081846506
12.241759246525412,0.3960927467623961,6.122964081846506
12.279381406661816,0.39001276280996794,6.122964081846506
12.31789477780031,0.38378875340628216,6.122964081846506
12.356863065426529,0.3774912265614119,6.122964081846506
12.397052558473726,0.3709963450368727,6.122964081846506
12.438492433048266,0.3642993937855266,6.122964081846506
12.480350299395054,0.35753489236538893,6.122964081846506
12.52347008678438,0.3505664563582939,6.122964081846506
12.56760585214719,0.3434338317519158,6.122964081846506
12.612001743827634,0.3362591690533312,6.122964081846506
12.657288282940213,0.32894057198003174,6.122964081846506
12.7034547052287,0.32147978010531403,6.122964081846506
12.749408188507028,0.3140534005492911,6.122964081846506
12.796309151858283,0.3064739020969115,6.122964081846506
12.843984643180015,0.29876923492444424,6.122964081846506
12.891790751158494,0.2910434592570351,6.122964081846506
12.939304469434026,0.2833649356531793,6.122964081846506
12.987112442546165,0.27563885856813014,6.122964081846506
13.034030903036754,0.26805653246507916,6.122964081846506
13.081039083669962,0.260459707007782,6.122964081846506
13.127057008160863,0.25302291333579946,6.122964081846506
13.173309353203882,0.24554823578926438,6.122964081846506
13.218985402575882,0.23816669134351215,6.122964081846506
13.26500041043088,0.23073036901872016,6.122964081846506
13.310669937700768,0.22334987858677333,6.122964081846506
13.356765110692942,0.21590060105829798,6.122964081846506
13.402398288917913,0.2085259848666654,6.122964081846506
13.447919353203247,0.20116948701144333,6.122964081846506
13.493123685293197,0.19386417512369816,6.122964081846506
13.538660102369779,0.1865051961582987,6.122964081846506
13.584997251217564,0.17901681376945228,6.122964081846506
13.631018798486961,0.17157943463307745,6.122964081846506
13.677092493512289,0.1641336280826981,6.122964081846506
13.722968539301997,0.15671976292474343,6.122964081846506
13.768789781073739,0.1493147544498859,6.122964081846506
13.814634388281009,0.14190596996980867,6.122964081846506
13.859518596730817,0.134652392128907,6.122964081846506
13.90419054831561,0.12743311636764174,6.122964081846506
13.94795377554652,0.12036069632834324,6.122964081846506
13.991575615085997,0.11331112545272541,6.122964081846506
14.035024528629814,0.1062895005343513,6.122964081846506
14.078184686028228,0.09931454047317399,6.122964081846506
14.121612323420218,0.0922963539182858,6.122964081846506
14.165217659872669,0.08524945004806926,6.122964081846506
14.208510277141187,0.07825308361677251,6.122964081846506
14.253069389420947,0.07105204341564812,6.122964081846506
14.297165145034992,0.06392588464295798,6.122964081846506
14.340957863957017,0.05684869855598818,6.122964081846506
14.385624270485847,0.04963031891156332,6.122964081846506
14.430161657589395,0.0424327896391644,6.122964081846506
14.475101902107255,0.035170156007917994,6.122964081846506
14.519934116453028,0.02792498074988259,6.122964081846506
14.564951614814055,0.020649862398858913,6.122964081846506
14.60999320761815,0.013370850230290833,6.122964081846506
14.65410219136569,0.006242553705832136,6.122964081846506
14.697894433725114,-0.0008345553655448156,6.122964081846506
14.742308192347219,-0.008012105477243937,6.122964081846506
14.786260040144143,-0.015115007817673096,6.122964081846506
14.830348222742892,-0.022239942742202794,6.122964081846506
14.873962018848953,-0.029288213747055064,6.122964081846506
14.91725759963927,-0.036285059102605655,6.122964081846506
14.960395542486303,-0.043256429148870984,6.122964081846506
15.002975808273597,-0.05013767498213094,6.122964081846506
15.045050600060367,-0.05693723295375816,6.122964081846506
15.087641781853172,-0.0638202428839782,6.122964081846506
15.130409027804614,-0.07073170591883751,6.122964081846506
15.173183108131779,-0.07764427343293392,6.122964081846506
15.216473591283666,-0.08464029497720593,6.122964081846506
15.259923005442818,-0.0916620007982503,6.122964081846506
15.303967503926417,-0.09877987608776356,6.122964081846506
15.348567853011021,-0.10598758042275983,6.122964081846506
15.394100702586393,-0.11329706393818766,6.1240112793977035
15.439818646763241,-0.12063626107687658,6.1240112793977035
15.4874399148782,-0.12822985734119627,6.1250584769489
15.535059936992518,-0.1357721278920145,6.126105674500097
15.583293746332362,-0.14341161278902614,6.126105674500097
15.631600474961179,-0.1510021603396706,6.1273274049764925
15.680304635419095,-0.15860290368109603,6.128374602527689
15.728573563166979,-0.1660839551424066,6.129421800078886
15.77636376908159,-0.17349081099098107,6.129421800078886
15.824536350725158,-0.18090528045738283,6.130468997630082
15.872220687816316,-0.1881849755715012,6.131690728106478
15.920022857359138,-0.1954314426684608,6.132737925657675
15.96731806817109,-0.20255040088136306,6.133785123208871
16.015475504416592,-0.20979914278115766,6.133785123208871
16.0647532657474,-0.2171637535562899,6.134832320760068
16.114101476253644,-0.22447726742180787,6.136054051236464
16.164532406023646,-0.2318433338424239,6.138148446338858
16.21705738157611,-0.23945909284849806,6.139195643890054
16.272419734936996,-0.2474172044290543,6.14041737436645
16.329427675507134,-0.255611862432076,6.14041737436645
16.386582033602664,-0.2637664879099062,6.141464571917647
16.44395062254544,-0.2718291172856221,6.14355896702004
16.503806288512774,-0.2801667234217843,6.144780697496436
16.563375464159325,-0.288337277589158,6.146875092598829
16.623950318874947,-0.29658115350732156,6.147922290150025
16.68495427963704,-0.3047424942367545,6.150191218177618
16.744977463382778,-0.31270865070794673,6.151238415728814
16.805888299693308,-0.32065202013337274,6.153507343756408
16.86731615059709,-0.3285320066846511,6.155601738858801
16.928948211325487,-0.3362960905853254,6.157870666886393
16.99161217049447,-0.3440568767447587,6.159965061988786
17.053480831144714,-0.35151094067103406,6.163281187567575
17.117113569869968,-0.359042371611671,6.165375582669969
17.181531883992562,-0.36645025400011677,6.168691708248758
17.246732081967647,-0.3737981982851267,6.170960636276351
17.312458630408955,-0.3810660882768834,6.173055031378744
17.37595808925982,-0.3879419107964953,6.175323959406336
17.438065418114054,-0.3943929472740306,6.179687282536322
17.499180812605648,-0.40054694390453127,6.182828875189912
17.559967235603725,-0.4064642628000404,6.186145000768701
17.619783743494306,-0.41215018883579246,6.188413928796294
17.67829295277376,-0.41752642991227024,6.191555521449883
17.73634072157597,-0.42272747978596015,6.193824449477476
17.793189776831003,-0.4277011276529344,6.19591884457987
17.84866957385061,-0.4323696478465878,6.199234970158659
17.90330544152971,-0.43684233396147076,6.201503898186251
17.958639323121385,-0.44125551413227504,6.203598293288644
18.012791975619063,-0.4454508569421202,6.205867221316237
18.06568795650669,-0.44943741013055055,6.20796161641863
18.11878755878853,-0.4533181664362331,6.210230544446223
18.171188747972987,-0.4570375613159248,6.212324939548616
18.224323767450866,-0.4606319937990522,6.215641065127405
18.277285977358577,-0.4641033204347511,6.2177354602297985
18.329390921456763,-0.4674545323176214,6.2189571907061945
18.38025656451639,-0.4706190774062281,6.2210515858085875
18.431338137627353,-0.47368072353411594,6.22332051383618
18.48169378244794,-0.47659302977213835,6.225414908938574
18.531557880538102,-0.47936340574559183,6.2276838369661665
18.58061217628447,-0.4819857459245972,6.2297782320685595
18.629911542307624,-0.48450902408903607,6.232047160096152
18.680528552524,-0.48699346443644476,6.234141555198545
18.731473137758442,-0.48937812781829687,6.236410483226138
18.781657835845586,-0.49162189495724934,6.2385048783285315
18.831534924009514,-0.49373852636180865,6.240773806356124
18.882840156622454,-0.4958081263275145,6.242868201458517
18.93628214285905,-0.49784247829681155,6.2451371294861096
18.990713468304566,-0.4998003340341192,6.247231524588503
19.045813109917717,-0.5016570597581241,6.249500452616095
19.10177967829854,-0.5034256577352006,6.251594847718489
19.15921152320327,-0.5050499377536168,6.254910973297278
19.216959959710874,-0.5065621337827482,6.257005368399671
19.275952459820974,-0.5079111623637339,6.26032149397846
19.33608864733042,-0.5091498353726452,6.262590422006053
19.396826983663956,-0.510210026976979,6.265732014659643
19.458421947109162,-0.5111453792404039,6.268000942687236
19.520869203821295,-0.5118865530022537,6.271317068266025
19.582782158515226,-0.5124268591724029,6.274458660919614
19.646087431495893,-0.5128356724707461,6.276727588947207
19.708936341703378,-0.513033118794913,6.280043714525996
19.773147224165477,-0.513033118794913,0.0
19.836975759528976,-0.5128882961935493,0.0022689280275924872
19.900893788422113,-0.512531306863924,0.005585053606381507
19.965735235573256,-0.5119541262805956,0.008901179185170527
20.030303863529603,-0.5111765034333583,0.012042771838760125
20.093811593843693,-0.5102675377975083,0.0143116998663535
20.155920576787132,-0.5092484804934803,0.016406094968746565
20.218646845983642,-0.5081535893919503,0.017453292519943098
20.279629076780513,-0.5069507284253165,0.019722220547535585
20.33963953609615,-0.5056308167171464,0.021991148575128072
20.400498989809627,-0.5042284674425025,0.023038346126324605
20.46004747932867,-0.5027939322888372,0.024085543677521137
20.517828407598817,-0.5013414333318671,0.02513274122871767
20.577086097720812,-0.4998518114848065,0.02513274122871767
20.634278342069415,-0.4983541798599283,0.026179938779914202
20.691332535292904,-0.4968601632309848,0.026179938779914202
20.74877223574671,-0.4953560517399439,0.026179938779914202
20.805483175461426,-0.49387102352045953,0.026179938779914202
20.861112432045196,-0.49241432017060477,0.026179938779914202
20.91749419740441,-0.49093791168497614,0.026179938779914202
20.974041105603895,-0.4894571787818844,0.026179938779914202
21.030179316198854,-0.4879871480022104,0.026179938779914202
21.08484590011019,-0.48655565312345284,0.026179938779914202
21.140438568536165,-0.4851581627175116,0.02513274122871767
21.197211398405756,-0.4837904937660608,0.024085543677521137
21.25299833138463,-0.48250502765974557,0.023038346126324605
21.30676457875127,-0.48132245548461305,0.021991148575128072
21.362833804560772,-0.48015776281582195,0.020769418098732118
21.42062430089551,-0.4790783984864472,0.018675022996339052
21.476126066094185,-0.47810961157127363,0.017453292519943098
21.532920573450816,-0.47723724196173545,0.015358897417550033
21.590496412340556,-0.47641317757229534,0.0143116998663535
21.646955613653137,-0.4757332194213011,0.012042771838760125
21.703622123591593,-0.4751694610335488,0.00994837673636706
21.76103984823668,-0.4747285158940386,0.007679448708774572
21.81895477239193,-0.47440505457479104,0.005585053606381507
21.876474494399638,-0.4742143112541743,0.00331612557878902
21.9341493977535,-0.4741438480319653,0.0012217304763959547
21.992136206972262,-0.4742045716987779,6.28213810962839
22.049702728987295,-0.47438542285640994,6.280043714525996
22.10770058735703,-0.4746384878593265,6.2788219840496
22.166097301797937,-0.47501560262905956,6.276727588947207
22.224455591997973,-0.4754535849052516,6.27568039139601
22.282839346375553,-0.4759630922108329,6.274458660919614
22.340773283480974,-0.47652934749466475,6.273411463368418
22.398373579012468,-0.4771526670044715,6.272364265817221
22.456131862251485,-0.47783818829588043,6.271317068266025
22.513540510446287,-0.47851955984021255,6.271317068266025
22.572026953215104,-0.4792137235086664,6.271317068266025
22.62993910969417,-0.47990107109019886,6.271317068266025
22.687541006112873,-0.48058473625831244,6.271317068266025
22.74446209224109,-0.48126032102785166,6.271317068266025
22.801387154557048,-0.4820055109136665,6.270095337789629
22.85838320617606,-0.48275163010036365,6.270095337789629
22.915968918294013,-0.4835657831654616,6.269048140238432
22.97425951432573,-0.48445095685313094,6.268000942687236
23.031858174220876,-0.48538595518896427,6.266953745136039
23.088921349229448,-0.48638199661374915,6.265732014659643
23.14771692451881,-0.48746986768798295,6.264684817108446
23.205634557926,-0.48866284336889454,6.262590422006053
23.263432177568557,-0.48992399191587066,6.261368691529657
23.32104285296034,-0.49130178398259594,6.259274296427264
23.37837047790259,-0.4928029606730815,6.257005368399671
23.434388303408035,-0.4943872495775137,6.254910973297278
23.491596317109437,-0.496135112478915,6.252642045269686
23.549270865767266,-0.49807860639245444,6.249500452616095
23.606232809365586,-0.5001274866497211,6.247231524588503
23.664126364654546,-0.5024021306320787,6.243915399009714
23.72336821290287,-0.5049161738748282,6.240773806356124
23.781598030855893,-0.5075807427131334,6.237457680777334
23.84133949115306,-0.5105130394596405,6.234141555198545
23.901342078827675,-0.5137206524547793,6.2297782320685595
23.961155471192015,-0.517117103012969,6.2264621064897705
24.0218491750632,-0.5208292889683682,6.222098783359785
24.083396050004957,-0.5248632842775074,6.2177354602297985
24.142874855243775,-0.5290224475060669,6.213372137099813
24.20325503527446,-0.5335094699670896,6.209008813969827
24.264300140307594,-0.538378151492902,6.203598293288644
24.326374266106026,-0.5436015720056151,6.199234970158659
24.38945754539314,-0.5492538009980187,6.193824449477476
24.450774967465765,-0.5550823981345433,6.188413928796294
24.51100350399985,-0.5611470928644728,6.182828875189912
24.572255266585845,-0.5676497709658445,6.177418354508729
24.6309185392416,-0.574198810642665,6.172007833827547
24.691388155137357,-0.5812809596271379,6.166597313146364
24.751356387984707,-0.588569774318273,6.162233990016379
24.813584256105035,-0.5964861590206285,6.156648936409997
24.868972425531158,-0.6038961979331683,6.150191218177618
24.927992784661694,-0.6121174498479628,6.144780697496436
24.986385020341007,-0.6205839210853525,6.139195643890054
25.046079540275134,-0.6296331834662983,6.132737925657675
25.105959916033544,-0.6390423248519048,6.1273274049764925
25.165850924350377,-0.6488605871520392,6.120695153818914
25.226488405826178,-0.6591384227371639,6.1152846331377315
25.284991022624332,-0.6694540125207268,6.1086523819801535
25.344283880596496,-0.6802400417056065,6.1032418612989705
25.403197023494794,-0.6912227726674445,6.098878538168985
25.461636169624704,-0.7024446482661967,6.093468017487802
25.519655398573786,-0.7139117198563304,6.08805749680662
25.578217037790075,-0.7257517304375589,6.083694173676634
25.63458805164784,-0.7374769181823222,6.078109120070252
25.690732631454843,-0.7493391429790653,6.074967527416662
25.74713091555279,-0.761450480495617,6.071651401837873
25.802997484081615,-0.7737028800372957,6.067288078707888
25.857524283937952,-0.7859110498254789,6.062924755577901
25.912303935037244,-0.7983667359594608,6.059608629999112
25.9677378011981,-0.8112258114676709,6.055245306869127
26.02261280398235,-0.8240764200688296,6.053150911766734
26.07818092465591,-0.8372838708480013,6.049834786187944
26.13463892154029,-0.8508382366801525,6.047565858160351
26.191177788789307,-0.8646000200228386,6.044424265506762
26.248445607695817,-0.8786769440774977,6.042155337479169
26.306306405009177,-0.8931032611145517,6.03883921190038
26.364753627949973,-0.9078058798300851,6.036744816797986
26.422517997227395,-0.922540570229413,6.033428691219197
26.48189073119492,-0.9378180386636843,6.031334296116804
26.540806791445572,-0.953186485825588,6.028018170538015
26.599961281367452,-0.9688268218715194,6.024702044959226
26.65977490990158,-0.984920987997914,6.02033872182924
26.718740554559364,-1.0009968678758574,6.017022596250451
26.7790866841497,-1.0177323307502737,6.012659273120465
26.83834588784386,-1.0343670241580054,6.009517680466875
26.89931689626384,-1.0517695927433603,6.005154357336889
26.960753036877048,-1.0695951885586172,6.0007910342069035
27.02241906135669,-1.0878614971901497,5.995205980600522
27.08511782692041,-1.1067316837806205,5.990842657470536
27.147598943994037,-1.1258340782818388,5.98647933434055
27.209978143177032,-1.145274979314466,5.981068813659368
27.2720895714256,-1.1649301701317494,5.9767054905293815
27.333484513660196,-1.184653750295326,5.972342167399396
27.39401981721854,-1.2043929715570505,5.96797884426941
27.455308835330936,-1.2246742439556066,5.963615521139424
27.51628113729607,-1.245146314039071,5.959252198009438
27.576322558001657,-1.2655977752570158,5.954888874879453
27.636152748615594,-1.2862690696838688,5.950525551749466
27.69582183409613,-1.3071765783404734,5.946162228619481
27.75565868264319,-1.3284364626073224,5.941798905489495
27.814586168816952,-1.3496632816452219,5.93743558235951
27.87389054268676,-1.3713186658387928,5.933072259229523
27.931631016585627,-1.3926889730100138,5.928708936099538
27.98884051029357,-1.414147037395182,5.924345612969552
28.046260602744525,-1.4360391962703154,5.918935092288369
28.102729954322594,-1.4579195402724523,5.913524571607187
28.15986046790625,-1.480274243153382,5.910208446028398
28.21746225348731,-1.503103665377988,5.905845122898412
28.274644174756858,-1.526125436475217,5.90043460221723
28.332803833146308,-1.549836274236039,5.896071279087244
28.389094331080635,-1.573072031430933,5.891707955957258
28.44451655653878,-1.5963124993564328,5.886122902350876
28.499288719602678,-1.6195619032063833,5.8817595792208905
28.554380840116245,-1.6432997184071134,5.876349058539708
28.608719807715673,-1.666994666746866,5.871985735409722
28.663795656818042,-1.6912974938760788,5.8676224122797365
28.718381775490975,-1.715669325384723,5.86325908914975
28.772975041224456,-1.7403306017867737,5.8588957660197645
28.828910091836786,-1.7658924470471826,5.854532442889779
28.884778949941825,-1.7917193174717176,5.8501691197597925
28.940834202727533,-1.8179298110847224,5.845805796629807
28.997058183314053,-1.8445187715127085,5.841442473499821
29.053779369469538,-1.8716463376915928,5.837079150369835
29.11090138905796,-1.8992725014470149,5.832715827239849
29.168261247246747,-1.9273231676357312,5.828352504109864
29.2263388754999,-1.956039532866189,5.823989180979878
29.283696284589155,-1.9847119169265057,5.819625857849892
29.34208871186824,-2.0142208473932266,5.815262534719906
29.400224397829167,-2.0439191847449605,5.810899211589921
29.45865877495034,-2.074092332589337,5.806535888459934
29.516029331764898,-2.1040339547456584,5.802172565329949
29.57314811821207,-2.1341620160099013,5.797809242199963
29.630096656433754,-2.164518630008288,5.793445919069977
29.686328623500927,-2.194809085634947,5.789082595939991
29.74207595930713,-2.225228768680057,5.783672075258809
29.79844800977973,-2.2563093124875633,5.779308752128823
29.854434320666684,-2.28749649556513,5.774945428998837
29.908830777934018,-2.318109810149176,5.770582105868852
29.96355477236095,-2.349298513418586,5.765171585187669
30.017370649993104,-2.380369124856186,5.759586531581287
30.070250215508008,-2.411207576000399,5.7552232084513015
30.12304638276188,-2.4423068952074,5.750859885321315
30.174449504239174,-2.472961466413182,5.745449364640133
30.22642695326316,-2.50434101941096,5.740038843958951
30.278694237249436,-2.5362826816536463,5.734628323277768
30.330208767695467,-2.5681608403675034,5.729043269671386
30.382529577562764,-2.600930744541222,5.723632748990204
30.434424779552973,-2.6337502079539936,5.719269425860218
30.486020895425135,-2.6667726829475304,5.713858905179036
30.538151697608985,-2.700536343766512,5.708448384497853
30.589461755757778,-2.7341766919804997,5.702863330891471
30.641162238343203,-2.768474408160311,5.697452810210289
30.692729446116072,-2.8030869549861492,5.692042289529106
30.743818914688923,-2.8377812580322574,5.686631768847924
30.79487261333027,-2.8728694929746403,5.681046715241543
30.84487213316674,-2.9076330080286112,5.67563619456036
30.895273794999625,-2.943003347608171,5.671272871430374
30.944931699218674,-2.9782542654916475,5.665862350749191
30.994495567486517,-3.013843290004547,5.660451830068009
31.04332080003366,-3.0493168978897955,5.654866776461628
31.091937147693884,-3.0850422210067565,5.649456255780445
31.140731859871853,-3.1212275458985888,5.645092932650459
31.1896231585777,-3.1578961563972956,5.639682411969277
31.23795963693572,-3.194558953777281,5.634271891288094
31.286263567958127,-3.2316238636762487,5.6286868376817125
31.33498391391156,-3.2694288592095266,5.62327631700053
31.383754748369736,-3.307697576700206,5.6178657963193475
31.433016646747227,-3.3467840905828234,5.612455275638165
31.48231349365293,-3.386348993144513,5.606870222031783
31.532003288400578,-3.426586995543893,5.602506898901797
31.58197240727903,-3.4675008113833337,5.597096378220615
31.63157045796141,-3.5086486687663476,5.590638659988236
31.68136627379315,-3.5504323194649317,5.585053606381854
31.7305907388448,-3.5921924740478515,5.579643085700671
31.779953836366538,-3.634621466196983,5.573185367468293
31.828854117513096,-3.677129832073171,5.567600313861911
31.877404383298714,-3.719797298610584,5.562189793180728
31.925447524547295,-3.7624819942598737,5.556779272499546
31.97344689627955,-3.8055947541060324,5.551368751818363
32.02108609475992,-3.8488671553099123,5.545783698211982
32.06919320689872,-3.893041968795571,5.5403731775308
32.11730570853302,-3.937797832283062,5.53391545929842
32.165342925777786,-3.982986733982485,5.528330405692039
32.213782996553185,-4.0290511477827415,5.522919885010856
32.26204442052398,-4.075445507431773,5.5175093643296735
32.31070851156224,-4.122851966083853,5.5108771131720955
32.35963554632237,-4.171033247847991,5.5054665924909125
32.408411765606495,-4.219690429717279,5.499008874258534
32.45729805830868,-4.269005208143769,5.4934238206521515
32.505558094148874,-4.318217958105385,5.488013299970969
32.55418952322815,-4.368454306598875,5.48155558173859
32.60197309356397,-4.418369675369598,5.475970528132208
32.649887415201455,-4.469073091116108,5.46951280989983
32.69709612010695,-4.519574388672893,5.464102289218647
32.744013790916476,-4.5704363902314205,5.457470038061069
32.790762030000586,-4.621668147452987,5.452059517379886
32.83686835558954,-4.6727487703774715,5.446648996698704
32.883216585262446,-4.72478716614874,5.440016745541126
32.92861687611416,-4.776319939160729,5.434606224859943
32.97418365360097,-4.828738520400419,5.427973973702365
33.0191465350744,-4.881031151042103,5.422563453021182
33.06400039788511,-4.933883599394507,5.416105734788803
33.108887041197264,-4.98737741782126,5.410520681182422
33.153559167712615,-5.0413192113951695,5.404062962950042
33.197885773517115,-5.0954371880480895,5.39865244226886
33.24123018950042,-5.14907784139443,5.392020191111281
33.28468917196148,-5.203342925536842,5.3876568679812955
33.32738678812625,-5.257252556720351,5.382246347300113
33.36953025326525,-5.311058106164451,5.3768358266189304
33.41081209250641,-5.364489835675402,5.370203575461352
33.45189889797484,-5.418268041331956,5.364793054780169
33.49238981482435,-5.471864937633706,5.359382534098987
33.533216370073625,-5.526538325659745,5.353797480492606
33.57333040045702,-5.580868221763639,5.348386959811423
33.612792949610345,-5.634925407020468,5.342976439130241
33.651744268372184,-5.68889302596506,5.337565918449058
33.690790696873385,-5.743755533746917,5.33093366729148
33.7297322411357,-5.7992254618282635,5.3244759490591
33.76872288667567,-5.855430245115765,5.318890895452719
33.80757642853213,-5.912089517400323,5.313480374771537
33.846239675358376,-5.969130537496698,5.308069854090354
33.884998061906565,-6.0271365621563335,5.301437602932776
33.92339699676179,-6.085283231993522,5.296027082251594
33.96163715632213,-6.144010710661577,5.289569364019214
33.99947131922211,-6.202830504766216,5.283984310412833
34.03706358476319,-6.262112166193169,5.277526592180453
34.074621939620776,-6.322055013154168,5.272116071499271
34.11190255083167,-6.382441038163783,5.265483820341692
34.14931029465919,-6.443917615996911,5.259026102109313
34.186140883067736,-6.505214008608155,5.253441048502932
34.222887857441854,-6.567275561585294,5.246983330270552
34.259577847783,-6.630188927075431,5.240351079112974
34.29608280155165,-6.69357055123448,5.234940558431791
34.33242496948713,-6.757466414604402,5.229530037750609
34.36863983467895,-6.821947794776461,5.224119517069426
34.404435960853874,-6.886685503640333,5.217487265911848
34.43991534178956,-6.951840439941704,5.21102954767947
34.47509868068659,-7.0174845976774245,5.204397296521891
34.50986144201798,-7.083195484515336,5.198986775840709
34.54419156120685,-7.149143029893952,5.19235452468313
34.57829903106465,-7.215708901228917,5.185896806450751
34.611934851240434,-7.28244114560663,5.179264555293172
34.645039261245024,-7.349188038396218,5.172806837060794
34.677696550697355,-7.416145404415895,5.1661745859032155
34.70944349922897,-7.482317459663442,5.159716867670836
34.740586664360805,-7.548710479905688,5.150990221410864
34.77158829454957,-7.615958214304453,5.144357970253286
34.80232179581504,-7.683772753868677,5.1379002520209065
34.83276278881534,-7.752144343581512,5.1312680008633285
34.862824041905405,-7.820658277205681,5.125857480182146
34.89210303914577,-7.888578077396718,5.119399761949767
34.920721042300386,-7.956194649587928,5.112767510792189
34.948766242899154,-8.023668474161203,5.106309792559809
34.97612386530408,-8.090739741294092,5.099677541402231
35.003218288826496,-8.158207278657857,5.094267020721048
35.0296994654482,-8.225433661963262,5.08763476956347
35.05552679099339,-8.292054967929484,5.082224248882288
35.08119965391494,-8.359356032500973,5.076813728201105
35.106136547972504,-8.426052785339108,5.070181477043527
35.13074285963069,-8.493183757264434,5.063723758811148
35.15497731228185,-8.5604238857697,5.058313238129966
35.17891454064003,-8.62824616414467,5.051680986972387
35.20298539201662,-8.697641102478505,5.046270466291205
35.22673350528701,-8.76760078821026,5.0396382151336265
35.25026249200191,-8.838414051419372,5.033180496901247
35.273771424842955,-8.91046745727693,5.027769976220065
35.297478623008836,-8.984796713544322,5.021137725062486
35.321160733566416,-9.060737841260034,5.014680006830107
35.345009540661096,-9.139332130935712,5.007000558121332
35.36858106230583,-9.218908254392709,5.000368306963754
35.39175914488412,-9.29905308240755,4.993910588731374
35.41418532424889,-9.37889024310266,4.9862311400226
35.43587715935612,-9.458073630279506,4.97977342179022
35.4570735639807,-9.537512348178579,4.973141170632642
35.477595380322995,-9.616466267107356,4.966683452400263
35.49754862535976,-9.695378635818987,4.960051201242685
35.51659909936961,-9.7728215654824,4.953593483010306
35.53511562344499,-9.850666321718675,4.945914034301531
35.55289259071822,-9.92766682658064,4.939281783143953
35.57038238086136,-10.005719657604955,4.932824064911573
35.587375656189295,-10.083985938323195,4.926191813753995
35.6038766254007,-10.162018616643834,4.920781293072812
35.61941864494345,-10.238410083276422,4.9131018443640375
35.63398338831429,-10.31285350172071,4.9055969285804615
35.64728233457166,-10.383303581102878,4.898964677422883
35.659904553488566,-10.452621614423599,4.892506959190504
35.67173109790536,-10.519693280763445,4.886921905584122
35.68309798221264,-10.586262247670659,4.88151138490294
35.693978370026954,-10.651701783418925,4.877148061772954
35.70455919591427,-10.717102097406828,4.872784738642968
35.71465340696123,-10.78170992116791,4.867374217961786
35.72441097013968,-10.846001107142158,4.8630108948318
35.73367454316239,-10.908885785619729,4.858647571701814
35.7428379827003,-10.973030680881608,4.854284248571829
35.75160588533993,-11.035895147324007,4.850968122993039
35.76031908668281,-11.099918540045211,4.84765199741425
35.7687218628445,-11.16314693813247,4.84451040476066
35.77685740681968,-11.226479380573487,4.840147081630675
35.78489264574848,-11.290715894178241,4.836830956051885
35.7927850746349,-11.354994569187397,4.834562028024292
35.80057787851917,-11.420153522284615,4.831420435370703
35.808192461196946,-11.485071154187763,4.82915150734311
35.81572021947892,-11.550431386267975,4.827057112240717
35.82315480652527,-11.616297085554624,4.824788184213125
35.83060246726591,-11.68430119033152,4.821472058634335
35.83807568422274,-11.753885007052155,4.819377663531942
35.845559140348115,-11.825809789685156,4.816061537953153
35.853102188582945,-11.899052393491369,4.815014340401956
35.86071356285849,-11.972958439578992,4.815014340401956
35.86821147289475,-12.04651858261415,4.8139671428507596
35.875690593930166,-12.120793799188753,4.812745412374364
35.88305539298007,-12.194710105289058,4.811698214823167
35.890399821484806,-12.26921268675841,4.8106510172719705
35.89791411810641,-12.345438426565705,4.8106510172719705
35.90543546339297,-12.421735668700997,4.8106510172719705
35.912935802001506,-12.497819817095907,4.8106510172719705
35.920512429526084,-12.574677847512929,4.8106510172719705
35.92805603073079,-12.650388689311509,4.811698214823167
35.9355682972221,-12.725785042384596,4.811698214823167
35.94312407885372,-12.801618132211777,4.811698214823167
35.95080340582695,-12.878691176479752,4.811698214823167
35.95837703668201,-12.954703408827145,4.811698214823167
35.96595525657586,-13.029962777033688,4.812745412374364
35.97360463037652,-13.104237796522515,4.815014340401956
35.981302675875945,-13.178225034500318,4.816061537953153
35.988966576175116,-13.251884097091642,4.816061537953153
35.9964936758575,-13.32422834544989,4.816061537953153
36.00417922152708,-13.398095445415326,4.816061537953153
36.011906381625536,-13.472362508806869,4.816061537953153
36.01987469238749,-13.548175921480597,4.817108735504349
36.02782262373839,-13.623795437010202,4.817108735504349
36.03569375992903,-13.698684295396816,4.817108735504349
36.04364151323702,-13.774302116961255,4.817108735504349
36.05161710964769,-13.850184847952114,4.817108735504349
36.05952355122246,-13.92540961463055,4.817108735504349
36.06736855253658,-14.000049816276904,4.817108735504349
36.07508814114237,-14.073496795709096,4.817108735504349
36.08273580418376,-14.14625944910799,4.817108735504349
36.09016747994253,-14.216967120782522,4.817108735504349
36.0975510747417,-14.287217332684172,4.817108735504349
36.10473966033279,-14.355612155908156,4.817108735504349
36.11188783728632,-14.423622516627299,4.817108735504349
36.118905781127914,-14.490393792055528,4.817108735504349
36.12596920013383,-14.556817002123676,4.818330465980745
36.1328338624224,-14.621371137289453,4.818330465980745
